{
  "name": "troll",
  "class": "com.lycanitesmobs.mountainmobs.entity.EntityTroll",
  "loadDefault": true,
  "enabled": true,
  "spawning": {
    "enabled": true,
    "spawners": [
      "monster",
      "beast"
    ],
    "disableSubspecies": false,
    "dimensionIds": [
      -1,
      1
    ],
    "dimensionListType": "blacklist",
    "ignoreBiome": false,
    "biomes": [
      "mountain"
    ],
    "spawnWeight": 4,
    "dungeonWeight": 200,
    "spawnAreaLimit": 5,
    "spawnGroupMin": 1,
    "spawnGroupMax": 3,
    "spawnsInLight": false,
    "spawnsInDark": true,
    "worldDayMin": -1,
    "despawnNatural": true,
    "despawnForced": false
  },
  "width": 1.5,
  "height": 3.2,
  "experience": 10,
  "health": 40,
  "defense": 2,
  "armor": 0,
  "speed": 26,
  "damage": 4,
  "attackSpeed": 1,
  "rangedSpeed": 0.25,
  "effect": 5,
  "amplifier": 1,
  "pierce": 1,
  "sight": 16,
  "knockbackResistance": 1,
  "eggBackColor": "#007711",
  "eggForeColor": "#EEEEEE",
  "subspecies": [
    {
      "index": 1,
      "name": "azure",
      "type": "uncommon"
    },
    {
      "index": 2,
      "name": "russet",
      "type": "uncommon"
    }
  ],
  "element": "order",
  "peaceful": false,
  "summonable": true,
  "tameable": false,
  "mountable": false,
  "summonCost": 6,
  "dungeonLevel": 1,
  "drops": [
    {
      "item": "minecraft:log",
      "minAmount": 2,
      "maxAmount": 6,
      "chance": 1
    },
    {
      "item": "minecraft:bone",
      "minAmount": 2,
      "maxAmount": 6,
      "chance": 1
    },
    {
      "item": "minecraft:leather",
      "minAmount": 2,
      "maxAmount": 6,
      "chance": 1
    },
    {
      "item": "minecraft:coal",
      "minAmount": 2,
      "maxAmount": 8,
      "chance": 1
    },
    {
      "item": "mountainmobs:boulderblastcharge",
      "minAmount": 2,
      "maxAmount": 3,
      "chance": 0.25
    }
  ],
  "sizeScale": 1,
  "hitboxScale": 1
}