{
  "name": "volcan",
  "class": "com.lycanitesmobs.elementalmobs.entity.EntityVolcan",
  "loadDefault": true,
  "enabled": true,
  "spawning": {
    "enabled": true,
    "spawners": [],
    "disableSubspecies": false,
    "dimensionIds": [],
    "dimensionListType": "blacklist",
    "ignoreBiome": false,
    "biomes": [],
    "spawnWeight": 8,
    "dungeonWeight": 200,
    "spawnAreaLimit": 5,
    "spawnGroupMin": 1,
    "spawnGroupMax": 3,
    "spawnsInLight": false,
    "spawnsInDark": true,
    "worldDayMin": -1,
    "despawnNatural": true,
    "despawnForced": false
  },
  "width": 0.8,
  "height": 1.6,
  "experience": 15,
  "health": 30,
  "defense": 2,
  "armor": 0,
  "speed": 26,
  "damage": 2,
  "attackSpeed": 1,
  "rangedSpeed": 1,
  "effect": 5,
  "amplifier": 0,
  "pierce": 1,
  "sight": 16,
  "knockbackResistance": 1,
  "eggBackColor": "#270d03",
  "eggForeColor": "#fba905",
  "subspecies": [
    {
      "index": 1,
      "name": "azure",
      "type": "uncommon"
    },
    {
      "index": 2,
      "name": "verdant",
      "type": "uncommon"
    }
  ],
  "element": "lava",
  "peaceful": false,
  "summonable": false,
  "tameable": false,
  "mountable": false,
  "summonCost": 2,
  "dungeonLevel": 1,
  "drops": [
    {
      "item": "minecraft:stone",
      "minAmount": 1,
      "maxAmount": 8,
      "chance": 1
    },
    {
      "item": "minecraft:iron_ore",
      "minAmount": 1,
      "maxAmount": 2,
      "chance": 0.75
    },
    {
      "item": "minecraft:quartz",
      "minAmount": 1,
      "maxAmount": 8,
      "chance": 0.75
    },
    {
      "item": "minecraft:gold_ore",
      "minAmount": 1,
      "maxAmount": 1,
      "chance": 0.1
    },
    {
      "item": "minecraft:coal",
      "minAmount": 1,
      "maxAmount": 1,
      "chance": 0.5
    },
    {
      "item": "minecraft:blaze_rod",
      "minAmount": 1,
      "maxAmount": 1,
      "chance": 0.1
    },
    {
      "item": "elementalmobs:embercharge",
      "minAmount": 1,
      "maxAmount": 1,
      "chance": 0.25
    }
  ],
  "sizeScale": 1,
  "hitboxScale": 1
}