{
  "name": "wraamon",
  "class": "com.lycanitesmobs.shadowmobs.entity.EntityWraamon",
  "loadDefault": true,
  "enabled": true,
  "spawning": {
    "enabled": true,
    "spawners": [
      "underground",
      "end"
    ],
    "disableSubspecies": false,
    "dimensionIds": [
      -1
    ],
    "dimensionListType": "blacklist",
    "ignoreBiome": true,
    "biomes": [],
    "spawnWeight": 8,
    "dungeonWeight": 200,
    "spawnAreaLimit": 5,
    "spawnGroupMin": 1,
    "spawnGroupMax": 5,
    "spawnsInLight": false,
    "spawnsInDark": true,
    "worldDayMin": -1,
    "despawnNatural": true,
    "despawnForced": false
  },
  "width": 0.5,
  "height": 0.5,
  "experience": 5,
  "health": 15,
  "defense": 0,
  "armor": 0,
  "speed": 36,
  "damage": 2,
  "attackSpeed": 1,
  "rangedSpeed": 1,
  "effect": 3,
  "amplifier": 0,
  "pierce": 1,
  "sight": 16,
  "knockbackResistance": 0,
  "eggBackColor": "#206d1e",
  "eggForeColor": "#822b9e",
  "subspecies": [
    {
      "index": 1,
      "name": "dark",
      "type": "uncommon"
    },
    {
      "index": 2,
      "name": "light",
      "type": "uncommon"
    }
  ],
  "element": "chaos",
  "peaceful": false,
  "summonable": true,
  "tameable": false,
  "mountable": false,
  "summonCost": 2,
  "dungeonLevel": 1,
  "drops": [
    {
      "item": "minecraft:ender_pearl",
      "minAmount": 1,
      "maxAmount": 1,
      "chance": 1
    },
    {
      "item": "minecraft:chorus_fruit",
      "minAmount": 1,
      "maxAmount": 3,
      "chance": 0.5
    },
    {
      "item": "minecraft:rabbit",
      "minAmount": 1,
      "maxAmount": 1,
      "chance": 0.5
    },
    {
      "item": "elementalmobs:chaosorbcharge",
      "minAmount": 1,
      "maxAmount": 1,
      "chance": 0.1
    }
  ],
  "sizeScale": 1,
  "hitboxScale": 1
}