{
  "name": "chorus",
  "type": "spawner",
  "enabled": true,
  "loadDefault": true,
  "mobCountMin": 1,
  "ignoreDimensions": true,
  "ignoreBiomes": true,
  "ignoreCollision": true,
  "ignoreLightLevel": true,
  "ignoreGroupLimit": true,
  "ignoreForgeCanSpawnEvent": true,
  "conditions": [],
  "triggers": [
    {
      "type": "block",
      "blocks": [
        "minecraft:chorus_plant",
        "minecraft:chorus_flower"
      ],
      "chance": 0.2
    }
  ],
  "locations": [
    {
      "type": "base",
      "rangeMin": [
        0,
        0,
        0
      ],
      "rangeMax": [
        0,
        0,
        0
      ],
      "sorting": "random"
    }
  ],
  "mobSpawns": [
    {
      "mobId": "shadowmobs:wraamon",
      "weight": 8
    }
  ]
}