{
  "name": "disruption",
  "type": "spawner",
  "enabled": true,
  "triggersRequired": 3,
  "loadDefault": true,
  "mobCountMin": 1,
  "ignoreDimensions": true,
  "ignoreBiomes": true,
  "ignoreCollision": true,
  "ignoreLightLevel": true,
  "ignoreForgeCanSpawnEvent": true,
  "conditions": [
    {
      "type": "player"
    }
  ],
  "triggers": [
    {
      "type": "kill",
      "chance": 0.1,
      "entityTypesListType": "blacklist",
      "entityIds": [
        "elementalmobs:cinder",
        "elementalmobs:jengu",
        "elementalmobs:geonach",
        "elementalmobs:djinn",
        "elementalmobs:aegis",
        "elementalmobs:argus",
        "elementalmobs:wisp",
        "elementalmobs:xaphan",
        "elementalmobs:volcan",
        "elementalmobs:zephyr",
        "elementalmobs:grue",
        "elementalmobs:spriggan",
        "elementalmobs:reiver",
        "elementalmobs:nymph",
        "elementalmobs:eechetik",
        "elementalmobs:vapula",
        "elementalmobs:banshee",
        "elementalmobs:tremor",
        "elementalmobs:sylph",
        "elementalmobs:wraith",
        "elementalmobs:spectre"
      ],
      "entityIdsListType": "whitelist"
    },
    {
      "type": "player",
      "count": 0,
      "chance": 1,
      "tickRate": 1,
      "useWorldTime": true,
      "conditions": [
        {
          "type": "player"
        },
        {
          "type": "world",
          "dimensionIds": [
            0,
            7
          ],
          "dayTimeMin": 10000,
          "moonPhase": 0
        }
      ]
    }
  ],
  "locations": [
    {
      "type": "random",
      "rangeMin": [
        8,
        0,
        8
      ],
      "rangeMax": [
        16,
        8,
        16
      ],
      "sorting": "random",
      "limit": 32,
      "solidGround": false
    }
  ],
  "mobSpawns": [
    {
      "mobId": "elementalmobs:argus"
    }
  ],
  "triggerCountMessages": [
    {
      "count": 3,
      "message": "spawner.chaos.level3"
    }
  ]
}