{
  "name": "fire",
  "type": "spawner",
  "enabled": true,
  "loadDefault": true,
  "mobCountMin": 8,
  "ignoreDimensions": true,
  "ignoreBiomes": true,
  "ignoreLightLevel": true,
  "conditions": [],
  "triggers": [
    {
      "type": "world",
      "chance": 0.5,
      "tickRate": 400
    }
  ],
  "locations": [
    {
      "type": "block",
      "rangeMin": [
        16,
        0,
        16
      ],
      "rangeMax": [
        32,
        32,
        32
      ],
      "sorting": "random",
      "blocks": [
        "minecraft:fire"
      ],
      "blockCost": 8,
      "listType": "whitelist"
    }
  ],
  "mobSpawns": [
    {
      "mobId": "elementalmobs:cinder",
      "weight": 8
    }
  ]
}