{
  "name": "gem",
  "type": "spawner",
  "enabled": true,
  "loadDefault": true,
  "mobCountMin": 1,
  "ignoreDimensions": true,
  "ignoreBiomes": true,
  "ignoreCollision": true,
  "ignoreLightLevel": true,
  "ignoreGroupLimit": true,
  "ignoreForgeCanSpawnEvent": true,
  "blockBreakRadius": 1,
  "conditions": [],
  "triggers": [
    {
      "type": "ore",
      "onHarvest": false,
      "ores": false,
      "gems": true,
      "chance": 0.02
    }
  ],
  "locations": [
    {
      "type": "base",
      "rangeMin": [
        0,
        0,
        0
      ],
      "rangeMax": [
        0,
        0,
        0
      ],
      "sorting": "random"
    }
  ],
  "mobSpawns": [
    {
      "mobId": "elementalmobs:vapula",
      "weight": 8
    }
  ]
}