{
  "name": "sky",
  "type": "spawner",
  "enabled": true,
  "loadDefault": true,
  "mobCountMin": 8,
  "ignoreBiomes": false,
  "ignoreLightLevel": false,
  "conditions": [],
  "triggers": [
    {
      "type": "world",
      "chance": 0.25,
      "tickRate": 1600
    }
  ],
  "locations": [
    {
      "type": "random",
      "rangeMin": [
        42,
        0,
        42
      ],
      "rangeMax": [
        32,
        48,
        32
      ],
      "sorting": "random",
      "limit": 32,
      "solidGround": false,
      "underground": false
    }
  ]
}