{
  "name": "corridorbasicloot",
  "type": "corridor",
  "weight": 2,
  "loadDefault": true,
  "changeTheme": false,
  "sizeMin": [
    6,
    5,
    16
  ],
  "sizeMax": [
    8,
    5,
    32
  ],
  "floor": [
    {
      "layer": 0,
      "pattern": [
        "1122",
        "1122",
        "2211",
        "2211"
      ]
    }
  ],
  "wall": [
    {
      "layer": 0,
      "pattern": [
        "1111111",
        "2222222",
        "222L222",
        "2222222",
        "1111111"
      ]
    },
    {
      "layer": 1,
      "tileHorizontal": false,
      "centerHorizontal": true,
      "tileVertical": false,
      "centerVertical": false,
      "pattern": [
        "0000000",
        "0000000",
        "000T000",
        "0000000",
        "000C000"
      ]
    }
  ],
  "ceiling": [
    {
      "layer": 0,
      "pattern": [
        "1122",
        "1122",
        "2211",
        "2211"
      ]
    }
  ]
}