{
  "name": "roombasic",
  "type": "room",
  "weight": 2,
  "loadDefault": true,
  "changeTheme": false,
  "tileSpawners": false,
  "tileChests": false,
  "sizeMin": [
    16,
    9,
    16
  ],
  "sizeMax": [
    32,
    9,
    32
  ],
  "floor": [
    {
      "layer": 0,
      "pattern": [
        "1122",
        "1122",
        "2211",
        "2211"
      ]
    }
  ],
  "wall": [
    {
      "layer": 0,
      "tileHorizontal": true,
      "centerHorizontal": true,
      "tileVertical": true,
      "centerVertical": false,
      "pattern": [
        "3111111111111113",
        "3111112222111113",
        "3111122112211113",
        "311L22L11L22L113",
        "3112211111122113",
        "3122111111112213",
        "3111111111111113"
      ]
    },
    {
      "layer": 1,
      "tileHorizontal": true,
      "centerHorizontal": true,
      "tileVertical": true,
      "centerVertical": false,
      "pattern": [
        "3000000000000003",
        "3000000000000003",
        "3000000000000003",
        "300T00T00T00T003",
        "3000000000000003",
        "3000000000000003",
        "3000000000000003"
      ]
    }
  ],
  "ceiling": [
    {
      "layer": 0,
      "pattern": [
        "1122",
        "1122",
        "2211",
        "2211"
      ]
    }
  ]
}