{
  "itemName": "geonachfist",
  "loadDefault": true,
  "slotType": "axe",
  "dropMobId": "elementalmobs:geonach",
  "dropChance": 0.1,
  "levelMin": 1,
  "levelMax": 3,
  "features": [
    {
      "featureType": "harvest",
      "levelMax": 1,
      "harvestType": "pickaxe",
      "harvestStrength": 6,
      "harvestShape": "block",
      "harvestRange": [
        2,
        2,
        2
      ],
      "harvestRangeLevelMultiplier": 1
    },
    {
      "featureType": "harvest",
      "levelMin": 2,
      "levelMax": 2,
      "harvestType": "pickaxe",
      "harvestStrength": 7,
      "harvestShape": "block",
      "harvestRange": [
        3,
        3,
        3
      ],
      "harvestRangeLevelMultiplier": 1
    },
    {
      "featureType": "harvest",
      "harvestType": "pickaxe",
      "levelMin": 3,
      "harvestStrength": 8,
      "harvestShape": "block",
      "harvestRange": [
        4,
        4,
        4
      ],
      "harvestRangeLevelMultiplier": 1
    },
    {
      "featureType": "damage",
      "levelMax": 2,
      "damageAmount": 4,
      "damageKnockback": 2,
      "damageCooldown": 2,
      "damageRange": 1,
      "damageSweep": 360
    },
    {
      "featureType": "damage",
      "levelMin": 3,
      "damageAmount": 5,
      "damageKnockback": 2,
      "damageCooldown": 2,
      "damageRange": 1,
      "damageSweep": 360
    },
    {
      "featureType": "effect",
      "effectType": "weight",
      "effectTarget": "target",
      "effectDuration": 80,
      "effectStrength": 1
    }
  ]
}