{
  "itemName": "ventoraptorskull",
  "loadDefault": true,
  "slotType": "head",
  "dropMobId": "plainsmobs:ventoraptor",
  "dropChance": 0.2,
  "levelMin": 2,
  "levelMax": 3,
  "features": [
    {
      "featureType": "slot",
      "slotType": "axe"
    },
    {
      "featureType": "slot",
      "slotType": "axe"
    },
    {
      "featureType": "damage",
      "levelMax": 2,
      "damageAmount": 1,
      "damageKnockback": 0,
      "damageCooldown": 0,
      "damageRange": 1,
      "damageSweep": 45
    },
    {
      "featureType": "damage",
      "levelMin": 3,
      "damageAmount": 2,
      "damageKnockback": 0,
      "damageCooldown": 0,
      "damageRange": 1,
      "damageSweep": 45
    },
    {
      "featureType": "effect",
      "levelMax": 2,
      "effectType": "weakness",
      "effectTarget": "target",
      "effectDuration": 10,
      "effectStrength": 1
    },
    {
      "featureType": "effect",
      "levelMin": 2,
      "levelMax": 3,
      "effectType": "weakness",
      "effectTarget": "target",
      "effectDuration": 10,
      "effectStrength": 2
    },
    {
      "featureType": "effect",
      "levelMin": 3,
      "effectType": "weakness",
      "effectTarget": "target",
      "effectDuration": 10,
      "effectStrength": 3
    }
  ]
}