{
  "itemName": "xaphanspine",
  "loadDefault": true,
  "slotType": "base",
  "dropMobId": "elementalmobs:xaphan",
  "dropChance": 0.1,
  "levelMin": 1,
  "levelMax": 3,
  "features": [
    {
      "featureType": "slot",
      "slotType": "head"
    },
    {
      "featureType": "slot",
      "slotType": "pommel"
    },
    {
      "featureType": "effect",
      "levelMin": 1,
      "levelMax": 2,
      "effectType": "lycanitesmobs:penetration",
      "effectTarget": "target",
      "effectDuration": 60,
      "effectStrength": 1
    },
    {
      "featureType": "effect",
      "levelMin": 2,
      "levelMax": 3,
      "effectType": "lycanitesmobs:penetration",
      "effectTarget": "target",
      "effectDuration": 80,
      "effectStrength": 2
    },
    {
      "featureType": "effect",
      "levelMin": 3,
      "effectType": "lycanitesmobs:penetration",
      "effectTarget": "target",
      "effectDuration": 100,
      "effectStrength": 3
    }
  ]
}